table_name,column_name,data_type,is_primary_key,is_foreign_key,references,description,semantic_tags
ASN,asn_id,TEXT,True,False,,Advance Shipment Notice identifier,"dimension, domain:source, id, procurement"
ASN,expected_arrival,TEXT,False,False,,Expected arrival date,"domain:source, procurement, temporal, time:date"
ASN,po_id,TEXT,False,True,PurchaseOrder.po_id,Linked PO,"dimension, domain:source, foreign_key, id, procurement"
ASN,ship_date,TEXT,False,False,,Ship date,"domain:source, procurement, temporal, time:date"
ASN,supplier_id,TEXT,False,True,Supplier.supplier_id,Shipping supplier,"dimension, domain:source, foreign_key, id, procurement"
BOM_Component,alternate_group,TEXT,False,False,,Alternate group code,domain:plan
BOM_Component,bom_id,TEXT,False,True,BillOfMaterial.bom_id,Parent BOM,"dimension, domain:plan, foreign_key, id"
BOM_Component,id,INTEGER,True,False,,Surrogate key for component row,domain:plan
BOM_Component,line_no,INTEGER,False,False,,Sequence number within BOM,domain:plan
BOM_Component,mandatory,INTEGER,False,False,,1 if mandatory; 0 if optional/alternate,"boolean, domain:plan"
BOM_Component,material_id,TEXT,False,True,Material.material_id,Component material,"dimension, domain:plan, foreign_key, id"
BOM_Component,qty_per_batch,REAL,False,False,,Quantity required per batch,"batch, dimension, domain:plan, traceability"
BOM_Component,uom,TEXT,False,False,,Unit of measure,"dimension, domain:plan, uom"
BatchInputLot,consumed_qty,REAL,False,False,,Quantity consumed,"domain:make, measure"
BatchInputLot,consumption_ts,TEXT,False,False,,Consumption timestamp,"domain:make, temporal, time:timestamp"
BatchInputLot,drug_batch_id,TEXT,False,True,ManufacturingBatch.drug_batch_id,Batch consuming the lot,"batch, dimension, domain:make, foreign_key, id, traceability"
BatchInputLot,id,INTEGER,True,False,,Surrogate key for consumption record,domain:make
BatchInputLot,material_id,TEXT,False,True,Material.material_id,Material consumed,"dimension, domain:make, foreign_key, id"
BatchInputLot,rm_lot_id,TEXT,False,True,GoodsReceipt.rm_lot_id,Raw material lot consumed,"dimension, domain:make, foreign_key, id, lot, traceability"
BatchInputLot,seq,INTEGER,False,False,,Sequence of consumption event,domain:make
BatchInputLot,supplier_id,TEXT,False,True,Supplier.supplier_id,Supplier of consumed lot,"dimension, domain:make, foreign_key, id"
BatchInputLot,uom,TEXT,False,False,,Unit of measure,"dimension, domain:make, uom"
BillOfMaterial,bom_id,TEXT,True,False,,BOM identifier,"dimension, domain:plan, foreign_key, id"
BillOfMaterial,effective_from,TEXT,False,False,,Date BOM becomes effective,"domain:plan, temporal, time:date"
BillOfMaterial,effective_to,TEXT,False,False,,Date BOM is superseded,"domain:plan, temporal, time:date"
BillOfMaterial,product_id,TEXT,False,True,Product.product_id,Product that the BOM belongs to,"dimension, domain:plan, foreign_key, id"
BillOfMaterial,version,TEXT,False,False,,BOM version,domain:plan
CAPA,action,TEXT,False,False,,Action taken,"domain:make, quality"
CAPA,capa_id,TEXT,True,False,,CAPA identifier,"dimension, domain:make, id, quality"
CAPA,closed_ts,TEXT,False,False,,Closure timestamp (nullable),"domain:make, quality, temporal, time:timestamp"
CAPA,due_date,TEXT,False,False,,Due date,"domain:make, quality, temporal, time:date"
CAPA,owner,TEXT,False,False,,Responsible owner,"domain:make, operational_id, quality, restricted"
CAPA,quality_event_id,TEXT,False,True,QualityEvent.quality_event_id,Linked quality event,"dimension, domain:make, foreign_key, id, quality"
CAPA,root_cause,TEXT,False,False,,Root cause,"domain:make, quality"
CAPA,status,TEXT,False,False,,CAPA status,"categorical, dimension, domain:make, quality, status"
COA,coa_id,TEXT,True,False,,Certificate of Analysis identifier,"dimension, domain:make, id, quality"
COA,drug_batch_id,TEXT,False,False,,Applicable batch (nullable),"batch, dimension, domain:make, foreign_key, id, quality, traceability"
COA,issue_ts,TEXT,False,False,,Issue timestamp,"domain:make, quality, temporal, time:timestamp"
COA,issuer,TEXT,False,False,,Issuer (Supplier/Internal Lab),"domain:make, quality"
COA,material_id,TEXT,False,False,,Material COA target (nullable),"dimension, domain:make, foreign_key, id, quality"
COA,product_id,TEXT,False,False,,Product COA target (nullable),"dimension, domain:make, foreign_key, id, quality"
COA,rm_lot_id,TEXT,False,False,,Applicable raw material lot (nullable),"dimension, domain:make, foreign_key, id, lot, quality, traceability"
COA,verdict,TEXT,False,False,,Overall verdict (Pass/Conditional/Fail),"categorical, dimension, domain:make, quality, status"
ColdChainTelemetry,excursion_flag,INTEGER,False,False,,1=excursion; 0=normal,"boolean, cold_chain, domain:deliver"
ColdChainTelemetry,reading_ts,TEXT,False,False,,Reading timestamp,"cold_chain, domain:deliver, temporal, time:timestamp"
ColdChainTelemetry,sensor_id,TEXT,False,False,,Sensor identifier,"cold_chain, dimension, domain:deliver, foreign_key, id, operational_id, restricted"
ColdChainTelemetry,shipment_id,TEXT,False,True,Shipment.shipment_id,Related shipment,"cold_chain, dimension, domain:deliver, foreign_key, id"
ColdChainTelemetry,sscc,TEXT,False,False,,SSCC of monitored HU,"cold_chain, dimension, domain:deliver, gs1:sscc, id, natural_key"
ColdChainTelemetry,telemetry_id,TEXT,True,False,,Cold-chain reading identifier,"cold_chain, dimension, domain:deliver, id"
ColdChainTelemetry,temperature_c,REAL,False,False,,Temperature (°C),"cold_chain, domain:deliver, measure"
Disposition,authority,TEXT,False,False,,Approving authority,domain:return
Disposition,decided_ts,TEXT,False,False,,Decision timestamp,"domain:return, temporal, time:timestamp"
Disposition,decision,TEXT,False,False,,rework/scrap/destroy/release,domain:return
Disposition,disposition_id,TEXT,True,False,,Final disposition identifier,"dimension, domain:return, id"
Disposition,drug_batch_id,TEXT,False,False,,Batch dispositioned (nullable),"batch, dimension, domain:return, foreign_key, id, traceability"
Disposition,executed_ts,TEXT,False,False,,Execution timestamp,"domain:return, temporal, time:timestamp"
Disposition,rm_lot_id,TEXT,False,False,,Raw material lot dispositioned (nullable),"dimension, domain:return, foreign_key, id, lot, traceability"
Disposition,serial_id,TEXT,False,False,,Serialized unit dispositioned (nullable),"dimension, domain:return, foreign_key, id, serial, traceability"
ElectronicBatchRecord,drug_batch_id,TEXT,False,True,ManufacturingBatch.drug_batch_id,Batch for the step,"batch, dimension, domain:make, foreign_key, id, traceability"
ElectronicBatchRecord,ebr_step_id,TEXT,True,False,,EBR step identifier,"dimension, domain:make, foreign_key, id"
ElectronicBatchRecord,end_ts,TEXT,False,False,,Step end time,"domain:make, temporal, time:timestamp"
ElectronicBatchRecord,equipment_id,TEXT,False,False,,Equipment identifier,"dimension, domain:make, foreign_key, id, operational_id, restricted"
ElectronicBatchRecord,operator_id,TEXT,False,False,,Operator identifier,"dimension, domain:make, foreign_key, id, operational_id, restricted"
ElectronicBatchRecord,parameters_json,TEXT,False,False,,Recorded parameters as JSON,"domain:make, json, semi_structured"
ElectronicBatchRecord,start_ts,TEXT,False,False,,Step start time,"domain:make, temporal, time:timestamp"
ElectronicBatchRecord,step_name,TEXT,False,False,,Step name,domain:make
GoodsReceipt,acceptance_status,TEXT,False,False,,Quality disposition at receipt,"categorical, dimension, domain:source, procurement, status"
GoodsReceipt,coa_id,TEXT,False,False,,COA id provided (if any),"dimension, domain:source, foreign_key, id, procurement"
GoodsReceipt,gr_id,TEXT,True,False,,Goods receipt identifier,"dimension, domain:source, id, procurement"
GoodsReceipt,line_no,INTEGER,False,False,,PO line number for the receipt,"domain:source, procurement"
GoodsReceipt,material_id,TEXT,False,True,Material.material_id,Received material,"dimension, domain:source, foreign_key, id, procurement"
GoodsReceipt,po_id,TEXT,False,True,PurchaseOrder.po_id,Linked PO (if any),"dimension, domain:source, foreign_key, id, procurement"
GoodsReceipt,receipt_ts,TEXT,False,False,,Receipt timestamp,"domain:source, procurement, temporal, time:timestamp"
GoodsReceipt,received_qty,REAL,False,False,,Quantity received,"domain:source, measure, procurement"
GoodsReceipt,rm_lot_id,TEXT,False,False,,Raw material lot id (unique),"dimension, domain:source, foreign_key, id, lot, procurement, traceability"
GoodsReceipt,supplier_id,TEXT,False,True,Supplier.supplier_id,Supplying vendor,"dimension, domain:source, foreign_key, id, procurement"
GoodsReceipt,uom,TEXT,False,False,,Unit of measure,"dimension, domain:source, procurement, uom"
GoodsReceipt,warehouse_id,TEXT,False,True,Warehouse.warehouse_id,Receiving warehouse,"dimension, domain:source, foreign_key, id, procurement"
HU_Content,drug_batch_id,TEXT,False,True,ManufacturingBatch.drug_batch_id,Batch in HU,"batch, dimension, domain:deliver, foreign_key, id, logistics, traceability"
HU_Content,hu_id,TEXT,False,True,HandlingUnit.hu_id,Handling unit,"dimension, domain:deliver, foreign_key, id, logistics"
HU_Content,id,INTEGER,True,False,,Surrogate key for HU content line,"domain:deliver, logistics"
HU_Content,line_no,INTEGER,False,False,,Line number within HU,"domain:deliver, logistics"
HU_Content,product_id,TEXT,False,True,Product.product_id,Product in HU,"dimension, domain:deliver, foreign_key, id, logistics"
HU_Content,qty,REAL,False,False,,Quantity in line,"domain:deliver, logistics, measure"
HU_Content,serial_id,TEXT,False,True,PackagingSerialization.serial_id,Serialized unit in HU,"dimension, domain:deliver, foreign_key, id, logistics, serial, traceability"
HU_Content,uom,TEXT,False,False,,Unit of measure,"dimension, domain:deliver, logistics, uom"
HandlingUnit,created_ts,TEXT,False,False,,HU creation timestamp,"domain:deliver, logistics, temporal, time:timestamp"
HandlingUnit,hu_id,TEXT,True,False,,Handling unit identifier,"dimension, domain:deliver, id, logistics"
HandlingUnit,parent_hu_id,TEXT,False,False,,Parent HU (nullable),"dimension, domain:deliver, foreign_key, id, logistics"
HandlingUnit,sscc,TEXT,False,False,,Serial Shipping Container Code,"dimension, domain:deliver, gs1:sscc, id, logistics, natural_key"
HandlingUnit,warehouse_id,TEXT,False,True,Warehouse.warehouse_id,Warehouse of HU,"dimension, domain:deliver, foreign_key, id, logistics"
IntermediateLot,created_ts,TEXT,False,False,,Creation timestamp,"domain:make, temporal, time:timestamp"
IntermediateLot,intermediate_lot_id,TEXT,True,False,,Intermediate lot identifier,"dimension, domain:make, foreign_key, id, lot, traceability"
IntermediateLot,parent_batch_id,TEXT,False,True,ManufacturingBatch.drug_batch_id,Source batch,"batch, dimension, domain:make, foreign_key, id, traceability"
IntermediateLot,plant_id,TEXT,False,True,Plant.plant_id,Plant of creation,"dimension, domain:make, foreign_key, id"
InventoryLot,drug_batch_id,TEXT,False,True,ManufacturingBatch.drug_batch_id,Batch stored,"batch, dimension, domain:deliver, foreign_key, id, logistics, traceability"
InventoryLot,drug_lot_id,TEXT,False,False,,Finished-goods lot code,"dimension, domain:deliver, foreign_key, id, logistics, lot, traceability"
InventoryLot,inventory_id,TEXT,True,False,,Inventory record identifier,"dimension, domain:deliver, id, logistics"
InventoryLot,last_count_ts,TEXT,False,False,,Last count/update timestamp,"domain:deliver, logistics, temporal, time:timestamp"
InventoryLot,on_hand_qty,REAL,False,False,,On-hand quantity,"domain:deliver, logistics, measure"
InventoryLot,product_id,TEXT,False,True,Product.product_id,Product stored,"dimension, domain:deliver, foreign_key, id, logistics"
InventoryLot,status,TEXT,False,False,,Inventory status,"categorical, dimension, domain:deliver, logistics, status"
InventoryLot,uom,TEXT,False,False,,Unit of measure,"dimension, domain:deliver, logistics, uom"
InventoryLot,warehouse_id,TEXT,False,True,Warehouse.warehouse_id,Warehouse location,"dimension, domain:deliver, foreign_key, id, logistics"
LabSample,draw_ts,TEXT,False,False,,Sample draw timestamp,"domain:make, quality, temporal, time:timestamp"
LabSample,drug_batch_id,TEXT,False,False,,Batch sampled (nullable),"batch, dimension, domain:make, foreign_key, id, quality, traceability"
LabSample,lab_sample_id,TEXT,True,False,,Lab sample identifier,"dimension, domain:make, id, quality"
LabSample,rm_lot_id,TEXT,False,False,,Raw material lot sampled (nullable),"dimension, domain:make, foreign_key, id, lot, quality, traceability"
LabSample,sample_type,TEXT,False,False,,Sample type (IPQC/finished/API/raw),"categorical, dimension, domain:make, quality, status"
LabTestResult,approved_ts,TEXT,False,False,,Approval timestamp,"domain:make, quality, temporal, time:timestamp"
LabTestResult,lab_sample_id,TEXT,False,True,LabSample.lab_sample_id,Linked sample,"dimension, domain:make, foreign_key, id, quality"
LabTestResult,limit_high,REAL,False,False,,Upper spec limit,"domain:make, measure, quality"
LabTestResult,limit_low,REAL,False,False,,Lower spec limit,"domain:make, measure, quality"
LabTestResult,method,TEXT,False,False,,Analytical method,"categorical, dimension, domain:make, quality, status"
LabTestResult,pass_flag,INTEGER,False,False,,1=pass; 0=fail,"boolean, domain:make, quality"
LabTestResult,result_uom,TEXT,False,False,,Result unit,"dimension, domain:make, quality, uom"
LabTestResult,result_value,REAL,False,False,,Measured result,"domain:make, measure, quality"
LabTestResult,test_name,TEXT,False,False,,Test name,"domain:make, quality"
LabTestResult,test_result_id,TEXT,True,False,,Lab test result identifier,"dimension, domain:make, id, quality"
ManufacturingBatch,actual_end,TEXT,False,False,,Actual end time,"domain:make, temporal, time:timestamp"
ManufacturingBatch,actual_start,TEXT,False,False,,Actual start time,"domain:make, temporal, time:timestamp"
ManufacturingBatch,batch_no,TEXT,False,False,,Human-readable batch no.,"batch, dimension, domain:make, traceability"
ManufacturingBatch,drug_batch_id,TEXT,True,False,,Manufacturing batch/lot identifier,"batch, dimension, domain:make, id, traceability"
ManufacturingBatch,planned_start,TEXT,False,False,,Planned start time,"domain:make, temporal, time:timestamp"
ManufacturingBatch,plant_id,TEXT,False,True,Plant.plant_id,Manufacturing plant,"dimension, domain:make, foreign_key, id"
ManufacturingBatch,product_id,TEXT,False,True,Product.product_id,Manufactured product,"dimension, domain:make, foreign_key, id"
ManufacturingBatch,released_by,TEXT,False,False,,User releasing the batch,"domain:make, operational_id, restricted"
ManufacturingBatch,released_ts,TEXT,False,False,,QA release timestamp,"domain:make, temporal, time:timestamp"
Material,is_api,INTEGER,False,False,,1 if API; 0 otherwise,"boolean, domain:plan"
Material,material_id,TEXT,True,False,,Identifier for raw/packaging material,"dimension, domain:plan, id"
Material,name,TEXT,False,False,,Material name,domain:plan
Material,spec_version,TEXT,False,False,,Specification version,domain:plan
PO_Line,due_date,TEXT,False,False,,Requested/expected delivery date,"domain:source, procurement, temporal, time:date"
PO_Line,id,INTEGER,True,False,,Surrogate key for PO line,"domain:source, procurement"
PO_Line,line_no,INTEGER,False,False,,Line number within the PO,"domain:source, procurement"
PO_Line,material_id,TEXT,False,True,Material.material_id,Ordered material,"dimension, domain:source, foreign_key, id, procurement"
PO_Line,ordered_qty,REAL,False,False,,Ordered quantity,"domain:source, measure, procurement"
PO_Line,po_id,TEXT,False,True,PurchaseOrder.po_id,Parent PO identifier,"dimension, domain:source, foreign_key, id, procurement"
PO_Line,uom,TEXT,False,False,,Unit of measure,"dimension, domain:source, procurement, uom"
PackagingSerialization,drug_batch_id,TEXT,False,True,ManufacturingBatch.drug_batch_id,Originating batch,"batch, dimension, domain:make, foreign_key, id, traceability"
PackagingSerialization,pack_level,TEXT,False,False,,Packaging level (unit/carton/case),"categorical, dimension, domain:make, status"
PackagingSerialization,product_id,TEXT,False,True,Product.product_id,Associated product,"dimension, domain:make, foreign_key, id"
PackagingSerialization,serial_id,TEXT,True,False,,Serialized unit/carton/case identifier,"dimension, domain:make, foreign_key, id, serial, traceability"
PackagingSerialization,sscc,TEXT,False,False,,SSCC if packed,"dimension, domain:make, gs1:sscc, id, natural_key"
PackagingSerialization,status,TEXT,False,False,,Serialization status,"categorical, dimension, domain:make, status"
Plant,address,TEXT,False,False,,Plant address/location text,domain:make
Plant,gln,TEXT,False,False,,Plant GLN (GS1),"dimension, domain:make, gs1:gln, id, location, natural_key"
Plant,name,TEXT,False,False,,Plant name,domain:make
Plant,plant_id,TEXT,True,False,,Manufacturing plant identifier,"dimension, domain:make, id"
Product,brand_name,TEXT,False,False,,Commercial brand name,domain:plan
Product,dosage_form,TEXT,False,False,,Dosage presentation (Tablet/Capsule/Injection/etc.),domain:plan
Product,gtin,TEXT,False,False,,Global Trade Item Number (GS1),"dimension, domain:plan, gs1:gtin, id, natural_key"
Product,product_id,TEXT,True,False,,Internal product identifier for the drug/SKU,"dimension, domain:plan, id"
Product,status,TEXT,False,False,,Lifecycle status (Active/Discontinued),"categorical, dimension, domain:plan, status"
Product,strength,TEXT,False,False,,"Labeled strength (e.g., 10mg)",domain:plan
PurchaseOrder,order_date,TEXT,False,False,,Order date,"domain:source, procurement, temporal, time:date"
PurchaseOrder,po_id,TEXT,True,False,,Purchase order identifier,"dimension, domain:source, id, procurement"
PurchaseOrder,status,TEXT,False,False,,PO status (Open/Closed/Cancelled),"categorical, dimension, domain:source, procurement, status"
PurchaseOrder,supplier_id,TEXT,False,True,Supplier.supplier_id,Supplier on the PO,"dimension, domain:source, foreign_key, id, procurement"
QualityEvent,detected_ts,TEXT,False,False,,Detection timestamp,"domain:make, quality, temporal, time:timestamp"
QualityEvent,drug_batch_id,TEXT,False,False,,Impacted batch (nullable),"batch, dimension, domain:make, foreign_key, id, quality, traceability"
QualityEvent,event_type,TEXT,False,False,,Event type (Deviation/OOS/Complaint/Recall/ChangeControl),"categorical, dimension, domain:make, quality, status"
QualityEvent,material_id,TEXT,False,False,,Impacted material (nullable),"dimension, domain:make, foreign_key, id, quality"
QualityEvent,product_id,TEXT,False,False,,Impacted product (nullable),"dimension, domain:make, foreign_key, id, quality"
QualityEvent,quality_event_id,TEXT,True,False,,Quality event identifier,"dimension, domain:make, id, quality"
QualityEvent,rm_lot_id,TEXT,False,False,,Impacted RM lot (nullable),"dimension, domain:make, foreign_key, id, lot, quality, traceability"
QualityEvent,scope,TEXT,False,False,,Impacted scope (product/material/batch/serial),"domain:make, quality"
QualityEvent,serial_id,TEXT,False,False,,Impacted serial (nullable),"dimension, domain:make, foreign_key, id, quality, serial, traceability"
QualityEvent,severity,TEXT,False,False,,Severity (Low/Medium/High/Critical),"categorical, dimension, domain:make, quality, status"
QualityEvent,status,TEXT,False,False,,Workflow status,"categorical, dimension, domain:make, quality, status"
ReturnItem,condition,TEXT,False,False,,sealed/opened/damaged,"categorical, dimension, domain:return, status"
ReturnItem,drug_batch_id,TEXT,False,True,ManufacturingBatch.drug_batch_id,Batch of returned unit,"batch, dimension, domain:return, foreign_key, id, traceability"
ReturnItem,id,INTEGER,True,False,,Surrogate key for return item,domain:return
ReturnItem,line_no,INTEGER,False,False,,Line number within return,domain:return
ReturnItem,product_id,TEXT,False,True,Product.product_id,Returned product,"dimension, domain:return, foreign_key, id"
ReturnItem,qty,REAL,False,False,,Quantity returned,"domain:return, measure"
ReturnItem,return_id,TEXT,False,True,ReturnOrder.return_id,Parent return order,"dimension, domain:return, foreign_key, id"
ReturnItem,serial_id,TEXT,False,True,PackagingSerialization.serial_id,Returned serialized unit (if any),"dimension, domain:return, foreign_key, id, serial, traceability"
ReturnItem,sscc,TEXT,False,False,,SSCC of returned HU (if any),"dimension, domain:return, gs1:sscc, id, natural_key"
ReturnOrder,created_ts,TEXT,False,False,,Creation timestamp,"domain:return, temporal, time:timestamp"
ReturnOrder,from_gln,TEXT,False,False,,Initiator GLN,domain:return
ReturnOrder,reason,TEXT,False,False,,quality/damage/recall,"categorical, dimension, domain:return, status"
ReturnOrder,return_id,TEXT,True,False,,Return order identifier,"dimension, domain:return, foreign_key, id"
ReturnOrder,status,TEXT,False,False,,Return status,"categorical, dimension, domain:return, status"
ReturnOrder,to_gln,TEXT,False,False,,Receiver GLN,domain:return
Shipment,carrier_id,TEXT,False,False,,Carrier identifier,"dimension, domain:deliver, foreign_key, id, logistics, operational_id, restricted"
Shipment,from_gln,TEXT,False,False,,Origin GLN,"domain:deliver, logistics"
Shipment,incoterm,TEXT,False,False,,Incoterm,"categorical, dimension, domain:deliver, logistics, status"
Shipment,planned_delivery_ts,TEXT,False,False,,Planned delivery timestamp,"domain:deliver, logistics, temporal, time:timestamp"
Shipment,ship_ts,TEXT,False,False,,Ship timestamp,"domain:deliver, logistics, temporal, time:timestamp"
Shipment,shipment_id,TEXT,True,False,,Shipment identifier,"dimension, domain:deliver, id, logistics"
Shipment,to_gln,TEXT,False,False,,Destination GLN,"domain:deliver, logistics"
ShipmentItem,drug_batch_id,TEXT,False,True,ManufacturingBatch.drug_batch_id,Batch shipped,"batch, dimension, domain:deliver, foreign_key, id, logistics, traceability"
ShipmentItem,drug_lot_id,TEXT,False,False,,Finished goods lot shipped,"dimension, domain:deliver, foreign_key, id, logistics, lot, traceability"
ShipmentItem,id,INTEGER,True,False,,Surrogate key for shipment item,"domain:deliver, logistics"
ShipmentItem,line_no,INTEGER,False,False,,Line number within shipment,"domain:deliver, logistics"
ShipmentItem,product_id,TEXT,False,True,Product.product_id,Product shipped,"dimension, domain:deliver, foreign_key, id, logistics"
ShipmentItem,qty,REAL,False,False,,Quantity shipped,"domain:deliver, logistics, measure"
ShipmentItem,shipment_id,TEXT,False,True,Shipment.shipment_id,Parent shipment,"dimension, domain:deliver, foreign_key, id, logistics"
ShipmentItem,sscc,TEXT,False,False,,SSCC included,"dimension, domain:deliver, gs1:sscc, id, logistics, natural_key"
ShipmentItem,uom,TEXT,False,False,,Unit of measure,"dimension, domain:deliver, logistics, uom"
ShipmentStop,actual_ts,TEXT,False,False,,Actual timestamp,"domain:deliver, logistics, temporal, time:timestamp"
ShipmentStop,gln,TEXT,False,False,,GLN of stop location,"dimension, domain:deliver, gs1:gln, id, location, logistics, natural_key"
ShipmentStop,id,INTEGER,True,False,,Surrogate key for stop record,"domain:deliver, logistics"
ShipmentStop,planned_ts,TEXT,False,False,,Planned timestamp,"domain:deliver, logistics, temporal, time:timestamp"
ShipmentStop,shipment_id,TEXT,False,True,Shipment.shipment_id,Parent shipment,"dimension, domain:deliver, foreign_key, id, logistics"
ShipmentStop,stop_no,INTEGER,False,False,,Stop sequence,"domain:deliver, logistics"
ShipmentStop,stop_type,TEXT,False,False,,pickup/drop,"categorical, dimension, domain:deliver, logistics, status"
Supplier,country,TEXT,False,False,,Country of supplier site,domain:source
Supplier,gln,TEXT,False,False,,Global Location Number (GS1),"dimension, domain:source, gs1:gln, id, location, natural_key"
Supplier,name,TEXT,False,False,,Supplier name,domain:source
Supplier,rating,INTEGER,False,False,,Supplier rating (1–5),domain:source
Supplier,supplier_id,TEXT,True,False,,Supplier/vendor identifier,"dimension, domain:source, id"
TransportEvent,event_ts,TEXT,False,False,,Event timestamp,"domain:deliver, logistics, temporal, time:timestamp"
TransportEvent,event_type,TEXT,False,False,,departed/arrived/handoff/customs,"categorical, dimension, domain:deliver, logistics, status"
TransportEvent,location_gps,TEXT,False,False,,GPS coordinates,"dimension, domain:deliver, geopoint, location, logistics"
TransportEvent,proof_ref,TEXT,False,False,,Reference to POD/photo/document,"domain:deliver, logistics"
TransportEvent,shipment_id,TEXT,False,True,Shipment.shipment_id,Related shipment,"dimension, domain:deliver, foreign_key, id, logistics"
TransportEvent,sscc,TEXT,False,False,,SSCC of the affected HU,"dimension, domain:deliver, gs1:sscc, id, logistics, natural_key"
TransportEvent,transport_event_id,TEXT,True,False,,Transport event identifier,"dimension, domain:deliver, id, logistics"
Warehouse,address,TEXT,False,False,,Warehouse address/location text,domain:deliver
Warehouse,gln,TEXT,False,False,,Warehouse GLN (GS1),"dimension, domain:deliver, gs1:gln, id, location, natural_key"
Warehouse,name,TEXT,False,False,,Warehouse name,domain:deliver
Warehouse,warehouse_id,TEXT,True,False,,Warehouse/DC identifier,"dimension, domain:deliver, id"
