customer_id,name,region,customer_type,compliance_rating
CUST001,CityCare Hospital,West,Hospital,0.92
CUST002,MedLink Distributors,North,Distributor,0.88
CUST003,Wellness Pharmacy,South,Pharmacy,0.81
CUST004,Global Health Supplies,East,Distributor,0.95
CUST005,Sunrise Medicals,North,Pharmacy,0.79
CUST006,Metro Hospital,South,Hospital,0.90
CUST007,LifeLine Pharma,West,Distributor,0.87
CUST008,GreenLeaf Pharmacy,East,Pharmacy,0.83
CUST009,PrimeCare Hospital,North,Hospital,0.91
CUST010,HealthFirst Distributors,South,Distributor,0.89