order_id,customer_id,order_date,order_status,total_amount
ORD001,CUST001,2025-09-01,Completed,1200.00
ORD002,CUST002,2025-09-02,Completed,850.00
ORD003,CUST003,2025-09-03,Completed,430.00
ORD004,CUST001,2025-09-04,Completed,2200.00
ORD005,CUST004,2025-09-05,Completed,670.00
ORD006,CUST005,2025-09-06,Completed,980.00
ORD007,CUST006,2025-09-07,Completed,1500.00
ORD008,CUST002,2025-09-08,Completed,760.00
ORD009,CUST007,2025-09-09,Completed,1340.00
ORD010,CUST008,2025-09-10,Completed,510.00
ORD011,CUST009,2025-09-11,Completed,890.00
ORD012,CUST010,2025-09-12,Completed,620.00
ORD013,CUST003,2025-09-13,Completed,1450.00
ORD014,CUST004,2025-09-14,Completed,980.00
ORD015,CUST005,2025-09-15,Completed,730.00
ORD016,CUST006,2025-09-16,Completed,1120.00
ORD017,CUST007,2025-09-17,Completed,560.00
ORD018,CUST008,2025-09-18,Completed,870.00
ORD019,CUST009,2025-09-19,Completed,990.00
ORD020,CUST010,2025-09-20,Completed,410.00