line_item_id,order_id,drug_id,batch_number,quantity_ordered,unit_price
LI001,ORD001,DRUG001,BATCH001,2,600.00
LI002,ORD002,DRUG002,BATCH002,1,850.00
LI003,ORD003,DRUG003,BATCH003,1,430.00
LI004,ORD004,DRUG001,BATCH004,2,550.00
LI005,ORD004,DRUG004,BATCH005,2,550.00
LI006,ORD005,DRUG005,BATCH006,2,335.00
LI007,ORD006,DRUG006,BATCH007,2,490.00
LI008,ORD007,DRUG007,BATCH008,3,500.00
LI009,ORD008,DRUG008,BATCH009,2,380.00
LI010,ORD009,DRUG009,BATCH010,2,670.00
LI011,ORD010,DRUG010,BATCH011,1,510.00
LI012,ORD011,DRUG011,BATCH012,2,445.00
LI013,ORD012,DRUG012,BATCH013,2,310.00
LI014,ORD013,DRUG013,BATCH014,5,290.00
LI015,ORD014,DRUG014,BATCH015,2,490.00
LI016,ORD015,DRUG015,BATCH016,2,365.00
LI017,ORD016,DRUG016,BATCH017,4,280.00
LI018,ORD017,DRUG017,BATCH018,2,280.00
LI019,ORD018,DRUG018,BATCH019,3,290.00
LI020,ORD019,DRUG019,BATCH020,3,330.00
LI021,ORD020,DRUG020,BATCH021,1,410.00