drug_id,drug_name,formulation,controlled_substance_flag,storage_condition,expiry_period_months
DRUG001,Atorvastatin,Tablet,false,Room Temp,24
DRUG002,Insulin Glargine,Injection,true,2-8°C,12
DRUG003,Metformin,Tablet,false,Room Temp,36
DRUG004,Adalimumab,Injection,true,2-8°C,6
DRUG005,Omeprazole,Capsule,false,Room Temp,24
DRUG006,Levothyroxine,Tablet,false,Room Temp,24
DRUG007,Infliximab,Injection,true,2-8°C,12
DRUG008,Amoxicillin,Capsule,false,Room Temp,18
DRUG009,Trastuzumab,Injection,true,2-8°C,6
DRUG010,Paracetamol,Tablet,false,Room Temp,36
DRUG011,Hydrocortisone,Injection,true,2-8°C,12
DRUG012,Azithromycin,Tablet,false,Room Temp,24
DRUG013,Clopidogrel,Tablet,false,Room Temp,24
DRUG014,Enoxaparin,Injection,true,2-8°C,6
DRUG015,Losartan,Tablet,false,Room Temp,24
DRUG016,Montelukast,Tablet,false,Room Temp,24