return_reason_code,reason_category,description
DAMAGED,Logistics,Product damaged during transit or handling
WRONG_ITEM,Fulfillment,Incorrect drug or batch shipped
EXPIRED,Regulatory,Product expired or nearing expiry
QUALITY,Quality,Product failed visual or chemical inspection
COLD_CHAIN_BREACH,Logistics,Temperature excursion detected during shipment
RECALL,Regulatory,Product recalled by manufacturer or authority
DOCUMENTATION_ERROR,Fulfillment,Missing or incorrect regulatory paperwork
COUNTERFEIT_ALERT,Regulatory,Suspected counterfeit or tampered packaging
PATIENT_COMPLAINT,Quality,Reported adverse reaction or dissatisfaction
OVER_SUPPLY,Fulfillment,Excess quantity shipped beyond order