return_id,shipment_id,return_date,return_reason_code,return_reason_desc,return_status,quantity_returned,batch_number
RET001,SHIP003,2025-09-06,DAMAGED,Product damaged in transit,Approved,1,BATCH003
RET002,SHIP005,2025-09-08,WRONG_ITEM,Wrong item shipped,Approved,1,BATCH006
RET003,SHIP009,2025-09-12,DAMAGED,Packaging torn,Approved,1,BATCH010
RET004,SHIP014,2025-09-17,QUALITY,Product not as described,Pending,1,BATCH015
RET005,SHIP018,2025-09-21,DAMAGED,Temperature excursion detected,Approved,1,BATCH019