[{"DataFrame Name":"order","Column Name":"order_id","Type":"VARCHAR","Description":"Unique identifier for the drug order","Unnamed: 4":null,"Unnamed: 5":null,"Unnamed: 6":null},{"DataFrame Name":"order","Column Name":"customer_id","Type":"VARCHAR","Description":"Hospital","Unnamed: 4":" distributor","Unnamed: 5":" or pharmacy placing the order","Unnamed: 6":null},{"DataFrame Name":"order","Column Name":"order_date","Type":"DATE","Description":"Date the drug order was placed","Unnamed: 4":null,"Unnamed: 5":null,"Unnamed: 6":null},{"DataFrame Name":"order","Column Name":"order_status","Type":"VARCHAR","Description":"Status of the order (e.g.","Unnamed: 4":" Completed","Unnamed: 5":" Cancelled)","Unnamed: 6":null},{"DataFrame Name":"order","Column Name":"total_amount","Type":"DECIMAL","Description":"Total value of the drug order","Unnamed: 4":null,"Unnamed: 5":null,"Unnamed: 6":null},{"DataFrame Name":null,"Column Name":null,"Type":null,"Description":null,"Unnamed: 4":null,"Unnamed: 5":null,"Unnamed: 6":null},{"DataFrame Name":"order_line","Column Name":"line_item_id","Type":"VARCHAR","Description":"Unique identifier for each drug line item","Unnamed: 4":null,"Unnamed: 5":null,"Unnamed: 6":null},{"DataFrame Name":"order_line","Column Name":"order_id","Type":"VARCHAR","Description":"Foreign key linking to Drug_Orders","Unnamed: 4":null,"Unnamed: 5":null,"Unnamed: 6":null},{"DataFrame Name":"order_line","Column Name":"drug_id","Type":"VARCHAR","Description":"Drug or product identifier","Unnamed: 4":null,"Unnamed: 5":null,"Unnamed: 6":null},{"DataFrame Name":"order_line","Column Name":"batch_number","Type":"VARCHAR","Description":"Manufacturing batch number","Unnamed: 4":null,"Unnamed: 5":null,"Unnamed: 6":null},{"DataFrame Name":"order_line","Column Name":"quantity_ordered","Type":"INT","Description":"Units ordered","Unnamed: 4":null,"Unnamed: 5":null,"Unnamed: 6":null},{"DataFrame Name":"order_line","Column Name":"unit_price","Type":"DECIMAL","Description":"Price per unit","Unnamed: 4":null,"Unnamed: 5":null,"Unnamed: 6":null},{"DataFrame Name":null,"Column Name":null,"Type":null,"Description":null,"Unnamed: 4":null,"Unnamed: 5":null,"Unnamed: 6":null},{"DataFrame Name":"shipment","Column Name":"shipment_id","Type":"VARCHAR","Description":"Unique shipment identifier","Unnamed: 4":null,"Unnamed: 5":null,"Unnamed: 6":null},{"DataFrame Name":"shipment","Column Name":"order_id","Type":"VARCHAR","Description":"Foreign key linking to Drug_Orders","Unnamed: 4":null,"Unnamed: 5":null,"Unnamed: 6":null},{"DataFrame Name":"shipment","Column Name":"shipment_date","Type":"DATE","Description":"Date the shipment was dispatched","Unnamed: 4":null,"Unnamed: 5":null,"Unnamed: 6":null},{"DataFrame Name":"shipment","Column Name":"carrier","Type":"VARCHAR","Description":"Logistics provider","Unnamed: 4":null,"Unnamed: 5":null,"Unnamed: 6":null},{"DataFrame Name":"shipment","Column Name":"tracking_number","Type":"VARCHAR","Description":"Shipment tracking code","Unnamed: 4":null,"Unnamed: 5":null,"Unnamed: 6":null},{"DataFrame Name":"shipment","Column Name":"delivery_status","Type":"VARCHAR","Description":"Delivered","Unnamed: 4":" Delayed","Unnamed: 5":" Returned","Unnamed: 6":null},{"DataFrame Name":"shipment","Column Name":"cold_chain_flag","Type":"BOOLEAN","Description":"Indicates if shipment required temperature control","Unnamed: 4":null,"Unnamed: 5":null,"Unnamed: 6":null},{"DataFrame Name":"shipment","Column Name":"temperature_log","Type":"VARCHAR","Description":"Comma-separated temperature readings during transit","Unnamed: 4":null,"Unnamed: 5":null,"Unnamed: 6":null},{"DataFrame Name":null,"Column Name":null,"Type":null,"Description":null,"Unnamed: 4":null,"Unnamed: 5":null,"Unnamed: 6":null},{"DataFrame Name":"return","Column Name":"return_id","Type":"VARCHAR","Description":"Unique return event identifier","Unnamed: 4":null,"Unnamed: 5":null,"Unnamed: 6":null},{"DataFrame Name":"return","Column Name":"shipment_id","Type":"VARCHAR","Description":"Foreign key linking to Drug_Shipments","Unnamed: 4":null,"Unnamed: 5":null,"Unnamed: 6":null},{"DataFrame Name":"return","Column Name":"return_date","Type":"DATE","Description":"Date the return was initiated","Unnamed: 4":null,"Unnamed: 5":null,"Unnamed: 6":null},{"DataFrame Name":"return","Column Name":"return_reason_code","Type":"VARCHAR","Description":"Standardized reason code (e.g.","Unnamed: 4":" DAMAGED","Unnamed: 5":" EXPIRED)","Unnamed: 6":null},{"DataFrame Name":"return","Column Name":"return_reason_desc","Type":"TEXT","Description":"Detailed reason for return","Unnamed: 4":null,"Unnamed: 5":null,"Unnamed: 6":null},{"DataFrame Name":"return","Column Name":"return_status","Type":"VARCHAR","Description":"Pending","Unnamed: 4":" Approved","Unnamed: 5":" Rejected","Unnamed: 6":null},{"DataFrame Name":"return","Column Name":"quantity_returned","Type":"INT","Description":"Units returned","Unnamed: 4":null,"Unnamed: 5":null,"Unnamed: 6":null},{"DataFrame Name":"return","Column Name":"batch_number","Type":"VARCHAR","Description":"Batch number of returned drug","Unnamed: 4":null,"Unnamed: 5":null,"Unnamed: 6":null},{"DataFrame Name":null,"Column Name":null,"Type":null,"Description":null,"Unnamed: 4":null,"Unnamed: 5":null,"Unnamed: 6":null},{"DataFrame Name":"product","Column Name":"drug_id","Type":"VARCHAR","Description":"Unique drug identifier","Unnamed: 4":null,"Unnamed: 5":null,"Unnamed: 6":null},{"DataFrame Name":"product","Column Name":"drug_name","Type":"VARCHAR","Description":"Commercial name of the drug","Unnamed: 4":null,"Unnamed: 5":null,"Unnamed: 6":null},{"DataFrame Name":"product","Column Name":"formulation","Type":"VARCHAR","Description":"Form (e.g.","Unnamed: 4":" Tablet","Unnamed: 5":" Injection)","Unnamed: 6":null},{"DataFrame Name":"product","Column Name":"controlled_substance_flag","Type":"BOOLEAN","Description":"Indicates if drug is regulated","Unnamed: 4":null,"Unnamed: 5":null,"Unnamed: 6":null},{"DataFrame Name":"product","Column Name":"storage_condition","Type":"VARCHAR","Description":"Required storage (e.g.","Unnamed: 4":" 2-8\u00b0C","Unnamed: 5":" Room Temp)","Unnamed: 6":null},{"DataFrame Name":"product","Column Name":"expiry_period_months","Type":"INT","Description":"Shelf life in months","Unnamed: 4":null,"Unnamed: 5":null,"Unnamed: 6":null},{"DataFrame Name":null,"Column Name":null,"Type":null,"Description":null,"Unnamed: 4":null,"Unnamed: 5":null,"Unnamed: 6":null},{"DataFrame Name":"customer","Column Name":"customer_id","Type":"VARCHAR","Description":"Unique customer identifier","Unnamed: 4":null,"Unnamed: 5":null,"Unnamed: 6":null},{"DataFrame Name":"customer","Column Name":"name","Type":"VARCHAR","Description":"Name of hospital","Unnamed: 4":" distributor","Unnamed: 5":" or pharmacy","Unnamed: 6":null},{"DataFrame Name":"customer","Column Name":"region","Type":"VARCHAR","Description":"Geographic region","Unnamed: 4":null,"Unnamed: 5":null,"Unnamed: 6":null},{"DataFrame Name":"customer","Column Name":"customer_type","Type":"VARCHAR","Description":"Hospital","Unnamed: 4":" Pharmacy","Unnamed: 5":" Distributor","Unnamed: 6":null},{"DataFrame Name":"customer","Column Name":"compliance_rating","Type":"FLOAT","Description":"Regulatory compliance score","Unnamed: 4":null,"Unnamed: 5":null,"Unnamed: 6":null},{"DataFrame Name":null,"Column Name":null,"Type":null,"Description":null,"Unnamed: 4":null,"Unnamed: 5":null,"Unnamed: 6":null},{"DataFrame Name":"return_reason_ref","Column Name":"return_reason_code","Type":"VARCHAR","Description":"Standardized reason code","Unnamed: 4":null,"Unnamed: 5":null,"Unnamed: 6":null},{"DataFrame Name":"return_reason_ref","Column Name":"reason_category","Type":"VARCHAR","Description":"Category (e.g.","Unnamed: 4":" Quality","Unnamed: 5":" Regulatory","Unnamed: 6":" Logistics)"},{"DataFrame Name":"return_reason_ref","Column Name":"description","Type":"TEXT","Description":"Detailed explanation of the return reason","Unnamed: 4":null,"Unnamed: 5":null,"Unnamed: 6":null}]