DataFrame Name,Column Name,Type,Description,,,
order,order_id,VARCHAR,Unique identifier for the drug order,,,
order,customer_id,VARCHAR,Hospital, distributor, or pharmacy placing the order,
order,order_date,DATE,Date the drug order was placed,,,
order,order_status,VARCHAR,Status of the order (e.g., Completed, Cancelled),
order,total_amount,DECIMAL,Total value of the drug order,,,
,,,,,,
order_line,line_item_id,VARCHAR,Unique identifier for each drug line item,,,
order_line,order_id,VARCHAR,Foreign key linking to Drug_Orders,,,
order_line,drug_id,VARCHAR,Drug or product identifier,,,
order_line,batch_number,VARCHAR,Manufacturing batch number,,,
order_line,quantity_ordered,INT,Units ordered,,,
order_line,unit_price,DECIMAL,Price per unit,,,
,,,,,,
shipment,shipment_id,VARCHAR,Unique shipment identifier,,,
shipment,order_id,VARCHAR,Foreign key linking to Drug_Orders,,,
shipment,shipment_date,DATE,Date the shipment was dispatched,,,
shipment,carrier,VARCHAR,Logistics provider,,,
shipment,tracking_number,VARCHAR,Shipment tracking code,,,
shipment,delivery_status,VARCHAR,Delivered, Delayed, Returned,
shipment,cold_chain_flag,BOOLEAN,Indicates if shipment required temperature control,,,
shipment,temperature_log,VARCHAR,Comma-separated temperature readings during transit,,,
,,,,,,
return,return_id,VARCHAR,Unique return event identifier,,,
return,shipment_id,VARCHAR,Foreign key linking to Drug_Shipments,,,
return,return_date,DATE,Date the return was initiated,,,
return,return_reason_code,VARCHAR,Standardized reason code (e.g., DAMAGED, EXPIRED),
return,return_reason_desc,TEXT,Detailed reason for return,,,
return,return_status,VARCHAR,Pending, Approved, Rejected,
return,quantity_returned,INT,Units returned,,,
return,batch_number,VARCHAR,Batch number of returned drug,,,
,,,,,,
product,drug_id,VARCHAR,Unique drug identifier,,,
product,drug_name,VARCHAR,Commercial name of the drug,,,
product,formulation,VARCHAR,Form (e.g., Tablet, Injection),
product,controlled_substance_flag,BOOLEAN,Indicates if drug is regulated,,,
product,storage_condition,VARCHAR,Required storage (e.g., 2-8°C, Room Temp),
product,expiry_period_months,INT,Shelf life in months,,,
,,,,,,
customer,customer_id,VARCHAR,Unique customer identifier,,,
customer,name,VARCHAR,Name of hospital, distributor, or pharmacy,
customer,region,VARCHAR,Geographic region,,,
customer,customer_type,VARCHAR,Hospital, Pharmacy, Distributor,
customer,compliance_rating,FLOAT,Regulatory compliance score,,,
,,,,,,
return_reason_ref,return_reason_code,VARCHAR,Standardized reason code,,,
return_reason_ref,reason_category,VARCHAR,Category (e.g., Quality, Regulatory, Logistics)
return_reason_ref,description,TEXT,Detailed explanation of the return reason,,,
