shipment_id,order_id,shipment_date,carrier,tracking_number,delivery_status,cold_chain_flag,temperature_log
SHIP001,ORD001,2025-09-02,FedEx,TRK001,Delivered,true,"2.5,3.0,2.8"
SHIP002,ORD002,2025-09-03,DHL,TRK002,Delivered,false,""
SHIP003,ORD003,2025-09-04,FedEx,TRK003,Returned,true,"2.0,2.1,2.3"
SHIP004,ORD004,2025-09-05,BlueDart,TRK004,Delivered,true,"2.5,2.7,2.6"
SHIP005,ORD005,2025-09-06,DHL,TRK005,Returned,false,""
SHIP006,ORD006,2025-09-07,FedEx,TRK006,Delivered,true,"3.0,2.9,3.1"
SHIP007,ORD007,2025-09-08,BlueDart,TRK007,Delivered,false,""
SHIP008,ORD008,2025-09-09,DHL,TRK008,Delivered,true,"2.4,2.6,2.5"
SHIP009,ORD009,2025-09-10,FedEx,TRK009,Returned,true,"2.0,2.2,2.1"
SHIP010,ORD010,2025-09-11,BlueDart,TRK010,Delivered,false,""
SHIP011,ORD011,2025-09-12,DHL,TRK011,Delivered,true,"2.7,2.8,2.6"
SHIP012,ORD012,2025-09-13,FedEx,TRK012,Delivered,false,""
SHIP013,ORD013,2025-09-14,BlueDart,TRK013,Delivered,true,"2.5,2.6,2.4"
SHIP014,ORD014,2025-09-15,DHL,TRK014,Returned,true,"2.0,2.1,2.2"
SHIP015,ORD015,2025-09-16,FedEx,TRK015,Delivered,false,""
SHIP016,ORD016,2025-09-17,BlueDart,TRK016,Delivered,true,"2.8,2.9,2.7"
SHIP017,ORD017,2025-09-18,DHL,TRK017,Delivered,false,""
SHIP018,ORD018,2025-09-19,FedEx,TRK018,Returned,true,"2.1,2.2,2.3"
SHIP019,ORD019,2025-09-20,BlueDart,TRK019,Delivered,false,""
SHIP020,ORD020,2025-09-21,DHL,TRK020,Delivered,true,"2.6,2.7,2.5"